Apple iPhone 15 128 GB,11249000,50
Apple iPhone 15,11249000,912
Apple iPhone 15 Plus,13499000,68
Apple iPhone 13,8249000,113K
Apple iPhone 13,8249000,62K
Apple iPhone 13,8249000,22K
"iPHONE 17Pro max / 17 / 17 PRO / 17 PROMAX / 17 Air 16 15 14 Plus 13 12 11 BACK Screen Protector | Transparent Matte TPU Film Scratch Guard, Case-Friendly, (Back & Side) Samping Kanan Kiri Matte Film Back Guard | Flexible Membrane Anti-Scratch Smudge Full",22012,0
Apple iPhone 15,11249000,203
Apple iPhone 15,11249000,659
Apple iPhone 16e,11749000,0
Apple iPhone 17 Pro Max,25749000,690
Apple iPhone 17,17249000,260
Apple iPhone 17 Pro,23749000,266
ELEPHANT !! DIAMOND Glass SUPER LARGE ARC iPhone 17 / 17 Pro / 17 Pro max 16 16+ 15 15+ 14 14+ 13 12 11 Promax Lac Cut Screen Protector 9H Tempered Edge to Full HD Clarity Free Ultra Thin Case-Friendly Screen Guard/9H Lac Cut-1Pack Plus + Iphone17 STATIC,51011,0
Apple iPhone 16,14999000,58
IPhone 17 Pro 17 Pro max 17 Air 16 16E 15 14 plus 13 12 11 Pro Promax X Xs Xr Xsmax New Tempered SUPERFIT Auto Install Anti SPY PRIVACY - HITAM Temperd Super Fit Instal Antigores Gores Screen Protector Tempred Glass Kaca Easy 4g 5g s Liquid Black Gelap,27700,0
Apple iPhone 17 Pro Max,25749000,100
"Y03 (4+4/128) - IP54 Tahan Air, 3 Tahun Proteksi Baterai, Layar Sunlight 90Hz, Al Dual",1399000,5
Apple iPhone 17,17249000,103
iPhone 17 Pro,23749000,62
Apple iPhone 16,14999000,29
Apple iPhone 16 Pro,29998000,107
Apple iPhone 17 Pro Max,25749000,186
TELEPHONE IP PHONE CISCO 7942G NEW BERGARANSI,510000,0
Apple iPhone 16 Plus,19749000,10
Apple iPhone 16 Pro Max,21999000,330
iPhone 17 Pro Max,25749000,74
iPhone Air,21249000,0
Apple iPhone 16,14999000,42
Apple iPhone 16 Pro Max,31499000,140
Apple iPhone Air,21249000,10
Apple iPhone 16 Pro Max,21999000,25
Apple iPhone 16 Pro,20999000,77
Apple iPhone 17 Pro,23749000,83
CISCO IP PHONE 7961G NEW EX DISPLAY - Elvoir Store,510000,0
Apple iPhone 16 Plus,15999000,5
Apple iPhone 16 Pro,24499000,81
Apple iPhone 16,14999000,0
Apple iPhone 16 Pro,24499000,18
Apple iPhone 17 Pro,23749000,87
CISCO IP PHONE 7961G NEW EX DISPLAY,510000,0
Apple iPhone 14,9749000,679
Iphone 16 | 15 | 14 | 13 | 12 | 11 | X | Xs | 7 | 8 | Se 2020 Pro Max Plus Mini Tempered Glass Full 3D 5D 9D Screen Protector,187050,0
Apple iPhone 16 Pro Max,21999000,73
Apple iPhone 16 Plus,17249000,10
Apple iPhone 14,9749000,13
Apple iPhone 16 Plus,17249000,32
Apple iPhone 16e,11749000,0
Apple iPhone 16e,11749000,0
Apple iPhone Air,21249000,8
Apple iPhone 16e,14249000,0
Apple iPhone Air,21249000,5
PROMO CUCI GUDANG !!! Samsung Galaxy A34 5G ( 8GB/256GB ),296550,0
CUCI GUDANG 12.12 !!! 【Bisa COD】HP Baru lNFINX Note 40 Pro Handphone 7000mAh Baterai 5G HP murah Smartphone 7.5inci RAM16GB+ROM512GB Dual SIM Garansi Resmi Bisa COD Ponsel Pintar Baru hp note 40 pro,329500,0
"Hp SANSUMG Galaxy S24 Ultra terbaru 2025 murah asli 7.5"" handphone RAM16GB+512GB gaming hp cuci gudang 2024 asli hp Android13 108MP Kamera 8000mah Garansi Resmi hp resmi promo Ponsel Resmi Pengiriman Lokal Bisa COD Cicilan",949000,54
Hp terbaru Hot 40 pro NFC Handphone 7.5inch HD 5G/4G Smartphone Android 12 RAM 16GB/512GB HD Kamera Dual SlM Baru Promosi Produk Garansi Learning Gaming phone COD,949000,58
【Bisa COD】hp murah SANSUMG S25 Ultra Smartphone 7.5 lnci 90Hz 5G Hp terbaru cuci gudang Handphone RAM 16GB/512GB Asli Resmi WiFi Dual SlM Al HD Kamera Smartphone Ponsel permainan belajar hp cuci Gudang Promo produk,949000,109
HP A3S RAM 6/128 GB 4G LTE BERGARANSI,509000,66K
【Bisa COD】Baru HP INFNIX Note 40 Pro 5G NFC Asli Android 13 HP Murah RAM 16GB +512GB ROM 7.5inci HD Kamera Dual SlM Dual Cicilangaming hp note40 hp infinix note 40 pro5G hp infinix note 30 pro hp hot 40 pro,949000,46
[2025 NEW] HP Mini Phone hp Mini android RAM 12GB/256GB jaringan 4G xs17,710000,82
DISKON CUCI GUDANG !!! Samsung Galaxy A56 5G 8/256GB - Galaxy AI | Smartphone AI | 45W Super Fast Charge,323550,0
PROMO SPESIAL TAHUN INI !! Samsung Galaxy A17 8/128GB - Smartphone AI | Android | 5000 mAh,225000,0
Samsung Galaxy A07 - 4/64GB - Powerpack,1319000,265K
promo trade in hp SX16 PRO 7.5inch 5G Handphone 6800mAh RAM 16GB+1TB HD Kamera Baterai Dual SIM Smartphone HD Kamera 5G WiFi hp murah Original Siswa Belajar Ponsel Penjaminan Kualitas Resmi Produk Resmi Bisa COD,949000,59
Hp murah 0PP0 A3 PRO NFC Handphone 7.5 lnci 5G Smartphone 16GB/512GB Android promo trade in hp Cuci Gudang Promo hp Asli Resmi WiFi Dual SlM Al HD Kamera A5 Smartphone Bisa COD,949000,73
itel A90 4/64GB – Trustworthy Durability IP54 – 6.6'' 90Hz Display – Octa-core – Octa-Core Processor – 5000mAh Battery with Type C,979000,21K
SMARTPHONE REDMI 13C RAM 8/256 GB GARANSI 1 TAHUN GRESS SEGEL DAN BARU,914909,141
realme C75x 8+16GB* + 128GB | Armol Shell | 45W Fast Charging,2049000,21K
2025 NEW Hp Realmi C53 ram 12 256GB 512GB 6800mAh 50MP FHD Kamera Smartphone 5G Handphone android 4G PROMO ram besar cuci gudang cod,949000,53
HP baru SMART 10 PRO NFC Handphone 4G/5G hp cuci Gudang Promo Smartphone 16GB+512GB RAM 6800MAH 7.5inch Android 12 Ponsel Cerdas Ponsel Handphone Baru Produk Asli Resmi Promo Garansi Gaming phone,949000,58
Hp murah Original VIVQ V25 PRO NFC Smartphone Hp murah 7.5Inci 4G/5G 120Hz Handphone RAM 16GB ROM 512GB Smartphone Dual Card Android12 Ponsel V25 Handphone Baru Produk Asli Resmi Promo Garansi Gaming phone,949000,20
【Bisa COD】OPP0 A97 Handphone android 5g/4g 7.5inci 12GB + 512GB Garansi resmi Gratis Ongkir Garasi resmi hp murah cuci gudang termurah promo Bisa COD Cicilan gaming phone hp,949000,75
【OMG 】A97 Handphone android 5g/4g 7.5inci 12GB + 512GB Garansi resmi Gratis Ongkir Garasi resmi hp murah cuci gudang termurah promo Bisa COD Cicilan gaming phone hp,949000,63
【Bisa COD】lnflnx Hp murah HOT40 Pro NFC 7.5Inci HD 4G / 5G Ram 16/256GB Operating System XOS 13.5 Batery Dual Card android 6800mAh Bergaransi WiFi Smartphone Handphone Original Baru Produk Asli Resmi Promo Garansi Gaming phone Bisa COD,949000,115
SMARTPHONE A78 5G AM 8/128 GB DAN 8/256 GB FAST CHARGING 33 WATT GARANSI 1 TAHUN GRESS SEGEL DAN BARU,889909,370
Samsung Galaxy A16 LTE 8/128GB - Black | Smartphone FHD+ | Layar AMOLED | Baterai 5.000 mAh,2599000,114
Infinix Smart 10 3/64GB - Up to 6GB Extended RAM - 6.67 inch 120Hz HD+ - T7250 - 5000 mAh,959000,538
hp murah cuci gudang Galaxy S24+ Ultra Handphone 7.5 lnci 90Hz 5G Smartphone RAM 16/512GB S24 Ultra Hp terbaru Asli Resmi WiFi Dual SlM Al HD Kamera Smartphone Bisa COD Ponsel permainan belajar,949000,112
SMARTPHONE ANDROID GALAXY A14 RAM 6/128 GB GARANSI 1 TAHUN GRESS SSEGEL DAN BARU,959909,28
Hp murah SANSUMG Galaxy A36 Handphone 7.5-inch Android phone Ram 16GB + 512GB Promosi Produk Smartphone 5G WIFI AI HD Kamera Dual SlM Garansi Resmi terbaru murah Promo Phone Bisa COD,949000,81
hp terbaru SANSUMG A15 NFC 7.5 lnci HD 90Hz Handphone hp murah cuci gudang A14 Smartphone HD Screen Android13 RAM16GB/512GB Mobile Phone Asli Resmi Siswa Belajar Ponsel dual card standby gaming phone Bisa COD,949000,49
NEW PROMO ! Samsung Galaxy A26 5G 8/256GB - Peach Pink,490400,0
OPPO A3X 6/128 vs 4/128 vs 4/64 - ULTRA BRIGH DISPLAY - QUALCOMM SNAPDRAGON,1099000,97
[Buy 1 Get 1 Free 7 + cod] new HP original new smartphone V27e Handphone 16GB + 512GB ram 7.5 inch 6800mAh official authenticity guarantee student learning Android smart phone dual SIM dual standby cellphone hot sale cheap,949000,48
SMARTPHONE REDMI 14C 8/256GB GARANSI 1 TAHUN | HP GRESS SEGEL BARU | MEMORI BESAR RAM 8GB | FAST CHARGING,1069909,11
HP Y17 8+256GB 4G LTE Hp Murah Smartphone Fullset Garansi 12 Bulan,595000,16
Samsung Galaxy J2 Prime SM-G532G siap pakai muluss,159000,127
Infinix Smart 10 4/128GB - Up to 8GB Extended RAM - 6.67 inch 120Hz HD+ - T7250 - 5000 mAh,1129000,54K
CHIC Mension HP Y93 RAM 8/256GB Smartphone Fullset Garansi 12 Bulan,525000,0
VOVE Hp Murah Phone I15 Pro Max 5g 6.74 Inci Ponsel Jaminan Kualitas Ram 16gb Rom 512gb Dual Card Sim Smartphone Android Ponsel Baru Original Handphone Murah Promo Cuci Gudang,1385000,0
Samsung Galaxy A26 5G 8/256GB - Galaxy AI | Smartphone AI | Baterai 5000mAh,3599000,28K
SMARTPHONE XIAOMI POCO C65 NFC 8/256GB SECONDHAND 99% TERPERCAYA,989000,75
[New] itel A90 4/64GB – Trustworthy Durability IP54 – 6.6'' 90Hz Display – Octa-core – Octa-Core Processor – 5000mAh Battery with Type C,1049500,27K
"Infinix Smart 8 4/128GB - Up to 8GB RAM - 6.6"" Magic Ring",1000000,13
Tecno Camon 40 8/128GB & 8/256GB - Garansi Resmi 1 Tahun,2585000,116
Samsung Galaxy A16 - 8/256GB,2759000,73K
Infinix Smart 9 Ram 8+128 GB helio G81 (gaming processor) layar 6.7 in 5000 mAh garansi 1 tahun (imei terdaftar),1095000,687
itel City100 RAM 128+24GB(8+16GB) - Big Battery 5200mAh - 6.75'' 90Hz High Brightness Display,1399000,14K
Infinix Smart 10 4/64GB - Up to 8GB Extended RAM - 6.67 inch 120Hz HD+ - T7250 - 5000 mAh,1073100,49K
HANDPHONE XIAOMI REDMI 13C 8/256GB SECONDDHAND BERGARANSI 12 BULAN DAN TERPERCAYA,939000,65
